Season,Make,Entries,Wins,Top5,Top10,Avg_Finish,Win_Rate_Per_entry
1961,Chrysler,55,1,11,17,16.327272727272728,1.8181818181818181
1971,GMC,5,0,2,3,10.2,0.0
1954,Dodge,128,1,15,46,18.109375,0.78125
1963,Chevrolet,238,8,25,75,16.08823529411765,3.361344537815126
1967,Chevrolet,319,3,26,73,19.946708463949843,0.9404388714733543
1973,Ford,194,0,7,28,21.963917525773194,0.0
1996,Ford,715,13,76,169,21.02937062937063,1.8181818181818181
2011,Chevrolet,596,18,77,163,19.59228187919463,3.0201342281879198
1949,Kaiser,8,0,1,2,14.625,0.0
1956,-,3,0,1,1,13.333333333333334,0.0
1950,Plymouth,93,4,28,49,12.24731182795699,4.301075268817205
1959,Oldsmobile,30,4,14,19,10.0,13.333333333333334
1960,Buick,7,0,0,1,34.857142857142854,0.0
1972,Chevrolet,204,10,33,48,21.13235294117647,4.901960784313726
1975,Plymouth,22,0,0,1,18.5,0.0
2009,Toyota,445,11,42,75,25.43370786516854,2.4719101123595504
1971,Mercury,232,11,47,94,16.400862068965516,4.741379310344827
1950,Lincoln,61,2,7,19,21.901639344262296,3.278688524590164
1955,Buick,73,2,13,27,16.45205479452055,2.73972602739726
2023,Chevrolet,594,18,77,149,19.664983164983166,3.0303030303030303
1952,Ford,130,0,8,31,17.638461538461538,0.0
1985,Chevrolet,494,14,75,136,19.692307692307693,2.834008097165992
2022,Chevrolet,555,19,83,157,18.545945945945945,3.423423423423423
1952,Buick,8,0,0,4,12.625,0.0
1957,Plymouth,77,0,4,24,17.532467532467532,0.0
1958,Oldsmobile,67,7,29,47,9.880597014925373,10.44776119402985
1968,Dodge,236,5,73,116,14.495762711864407,2.11864406779661
1973,-,7,1,1,2,21.142857142857142,14.285714285714285
1981,Pontiac,255,1,30,58,18.694117647058825,0.39215686274509803
1955,Lincoln,1,0,0,0,19.0,0.0
1974,Ford,133,0,16,30,21.25563909774436,0.0
1975,Mercury,25,3,13,14,14.4,12.0
1993,Pontiac,160,11,28,45,18.50625,6.875000000000001
1967,Mercury,24,0,3,6,21.75,0.0
2003,Pontiac,178,1,6,15,26.640449438202246,0.5617977528089888
2008,Chevrolet,509,11,68,142,20.206286836935167,2.161100196463654
1949,Cadillac,8,0,2,4,16.25,0.0
1953,Oldsmobile,230,9,46,97,15.41304347826087,3.91304347826087
1957,Pontiac,78,2,8,19,18.858974358974358,2.564102564102564
1960,Plymouth,147,8,44,84,12.564625850340136,5.442176870748299
1978,Chevrolet,590,10,71,149,19.0,1.694915254237288
1964,Chrysler,86,0,1,26,18.523255813953487,0.0
1980,Ford,85,3,12,29,16.764705882352942,3.5294117647058822
1999,Ford,674,13,84,141,22.523738872403563,1.9287833827893175
2007,Chevrolet,682,26,121,224,19.153958944281523,3.812316715542522
1982,Oldsmobile,33,0,0,2,25.90909090909091,0.0
1982,Buick,502,25,80,148,18.567729083665338,4.9800796812749
1957,Chevrolet,427,21,98,189,13.552693208430913,4.918032786885246
1979,Pontiac,5,0,0,0,23.4,0.0
2003,Ford,374,7,39,92,21.114973262032084,1.8716577540106951
2005,Ford,318,16,68,121,17.60377358490566,5.031446540880504
1958,-,4,0,0,0,25.0,0.0
1971,Plymouth,258,22,62,96,17.143410852713178,8.527131782945736
1981,Ford,131,7,21,46,18.31297709923664,5.343511450381679
1984,Dodge,7,0,0,0,20.571428571428573,0.0
2010,Ford,433,4,35,82,21.759815242494227,0.9237875288683602
2024,Chevrolet,535,15,71,146,19.018691588785046,2.803738317757009
1951,Oldsmobile,251,20,65,95,17.868525896414344,7.968127490039841
1959,Plymouth,64,7,20,30,12.984375,10.9375
1964,Plymouth,238,12,82,114,12.1890756302521,5.042016806722689
1966,Chevrolet,294,3,16,52,20.19047619047619,1.0204081632653061
1986,Ford,255,5,26,61,19.16470588235294,1.9607843137254901
1976,Pontiac,3,0,0,0,25.333333333333332,0.0
2015,Toyota,315,14,48,85,22.152380952380952,4.444444444444445
1949,Plymouth,6,1,3,5,5.333333333333333,16.666666666666664
1990,Oldsmobile,209,1,20,41,21.84688995215311,0.4784688995215311
2016,Toyota,274,16,54,102,18.638686131386862,5.839416058394161
2017,Chevrolet,634,10,52,114,21.662460567823345,1.5772870662460567
1991,Oldsmobile,195,5,17,34,21.266666666666666,2.564102564102564
1952,Chrysler,34,1,7,13,17.88235294117647,2.941176470588235
2018,Toyota,259,13,64,93,18.575289575289574,5.019305019305019
1971,Pontiac,21,0,2,4,23.19047619047619,0.0
1961,Buick,2,0,0,0,21.5,0.0
1955,Oldsmobile,307,10,65,134,13.827361563517915,3.257328990228013
1958,Plymouth,39,0,3,6,17.871794871794872,0.0
1989,Chevrolet,204,13,47,65,17.862745098039216,6.372549019607843
1992,Oldsmobile,129,2,14,30,19.496124031007753,1.550387596899225
2021,Chevrolet,646,19,73,153,20.61609907120743,2.941176470588235
2021,Toyota,208,10,56,86,16.110576923076923,4.807692307692308
1970,Pontiac,10,0,0,2,22.6,0.0
1979,Buick,70,0,1,15,20.685714285714287,0.0
2006,Dodge,484,7,29,74,24.361570247933884,1.4462809917355373
1954,Hudson,295,17,73,129,15.99322033898305,5.762711864406779
1970,Buick,17,0,0,4,15.117647058823529,0.0
1971,Oldsmobile,2,0,0,0,30.5,0.0
2001,Chevrolet,423,16,52,100,21.36643026004728,3.7825059101654848
2011,Ford,421,7,46,89,23.085510688836106,1.66270783847981
1954,Lincoln,11,0,0,1,26.181818181818183,0.0
1984,Chevrolet,542,21,90,166,19.051660516605168,3.8745387453874542
2007,Dodge,378,3,21,59,23.891534391534393,0.7936507936507936
1960,Dodge,42,1,2,12,18.642857142857142,2.380952380952381
1955,Cadillac,5,0,0,0,29.8,0.0
2023,Toyota,218,10,52,91,14.830275229357799,4.587155963302752
1970,Oldsmobile,4,0,0,1,17.5,0.0
1975,Dodge,217,14,39,54,18.838709677419356,6.451612903225806
1983,Buick,274,6,37,79,19.1021897810219,2.18978102189781
2009,Dodge,281,4,21,51,23.725978647686834,1.4234875444839856
1952,-,5,0,0,0,28.8,0.0
1967,Dodge,210,5,58,101,15.523809523809524,2.380952380952381
1969,Dodge,306,22,96,146,15.212418300653594,7.18954248366013
1973,Dodge,265,8,41,68,19.954716981132076,3.018867924528302
1959,Ford,403,16,78,155,16.042183622828784,3.970223325062035
1975,Chevrolet,582,6,68,173,18.61340206185567,1.0309278350515463
1961,Plymouth,114,3,25,45,14.149122807017545,2.631578947368421
1975,Ford,174,4,20,48,18.339080459770116,2.2988505747126435
2020,Ford,545,18,72,156,18.563302752293577,3.302752293577982
2023,Ford,508,8,51,120,19.62007874015748,1.574803149606299
1976,Chevrolet,704,13,70,177,18.990056818181817,1.8465909090909092
1951,Mercury,54,2,9,17,16.09259259259259,3.7037037037037033
1970,Mercury,74,4,14,29,16.12162162162162,5.405405405405405
1982,Ford,141,2,21,39,18.72340425531915,1.4184397163120568
2018,Chevrolet,654,4,37,104,22.279816513761467,0.6116207951070336
1955,Packard Motor Car Company,6,0,0,2,20.166666666666668,0.0
1957,-,2,0,1,2,5.5,0.0
1980,Dodge,57,0,0,7,20.526315789473685,0.0
1997,Chevrolet,462,11,51,101,22.645021645021647,2.380952380952381
2018,Ford,486,19,79,163,17.54732510288066,3.909465020576132
1990,Chevrolet,265,13,44,83,17.91320754716981,4.905660377358491
1954,Kaiser,7,0,0,0,23.285714285714285,0.0
1960,Morris Garage,2,0,0,0,16.5,0.0
1959,Mercury,33,0,3,9,17.21212121212121,0.0
2017,Ford,469,10,64,130,18.923240938166312,2.1321961620469083
1960,Chevrolet,408,13,90,174,15.284313725490197,3.1862745098039214
1970,Chevrolet,165,0,2,24,21.0,0.0
1958,Studebaker,8,0,0,1,21.25,0.0
1977,Matador,33,0,5,15,18.09090909090909,0.0
2016,Chevrolet,763,12,81,183,20.466579292267365,1.5727391874180863
1954,Buick,11,0,1,3,21.09090909090909,0.0
1955,Pontiac,4,0,0,0,32.75,0.0
1950,Cadillac,12,0,1,5,16.083333333333332,0.0
1951,Cadillac,7,0,1,2,22.285714285714285,0.0
1953,Ford,106,0,0,11,19.367924528301888,0.0
1957,Buick,2,0,0,0,25.0,0.0
1964,Chevrolet,211,1,5,53,17.62559241706161,0.47393364928909953
1974,Mercury,22,7,15,16,8.318181818181818,31.818181818181817
1977,Plymouth,2,0,0,0,28.0,0.0
1983,Oldsmobile,20,0,0,1,23.95,0.0
1954,Pontiac,2,0,0,0,16.5,0.0
1950,Kaiser,7,0,0,1,26.714285714285715,0.0
1989,Ford,234,8,44,82,17.53846153846154,3.418803418803419
1966,Oldsmobile,53,0,9,17,16.754716981132077,0.0
1984,Pontiac,190,3,16,38,19.489473684210527,1.5789473684210527
1962,Plymouth,125,11,41,76,10.704,8.799999999999999
1972,Mercury,172,9,35,72,15.69767441860465,5.232558139534884
1975,Pontiac,7,0,0,0,29.428571428571427,0.0
1949,Lincoln,17,2,3,3,18.705882352941178,11.76470588235294
1969,Oldsmobile,19,0,0,0,20.736842105263158,0.0
2012,Chevrolet,607,15,79,154,20.56177924217463,2.471169686985173
1985,Ford,224,14,43,61,17.491071428571427,6.25
2007,Ford,325,7,36,66,22.25846153846154,2.1538461538461537
1950,Chrysler,1,0,0,0,26.0,0.0
1957,Studebaker,5,0,0,0,22.6,0.0
1953,Chevrolet,7,0,1,3,17.142857142857142,0.0
1954,Studebaker,14,0,0,0,24.142857142857142,0.0
1954,Chrysler,32,7,18,20,14.03125,21.875
1975,Matador,19,3,10,10,15.368421052631579,15.789473684210526
1957,Ford,479,26,116,200,14.41544885177453,5.427974947807933
1958,Chevrolet,604,25,112,218,15.230132450331126,4.13907284768212
1964,Pontiac,133,0,8,30,18.804511278195488,0.0
1969,Buick,45,0,0,12,16.377777777777776,0.0
1950,Nash Motor Company,18,0,0,2,20.833333333333332,0.0
1955,Chrysler,135,27,64,76,11.296296296296296,20.0
1988,Buick,158,2,12,31,20.575949367088608,1.2658227848101267
2003,Chevrolet,503,19,96,155,19.72365805168986,3.7773359840954273
1951,Buick,15,0,1,2,26.0,0.0
1962,Chrysler,69,0,11,23,15.101449275362318,0.0
1966,Ford,713,10,91,216,17.190743338008414,1.402524544179523
1983,Chevrolet,338,15,60,114,17.467455621301774,4.437869822485207
2020,Chevrolet,617,9,51,120,22.07293354943274,1.4586709886547813
1971,Ford,558,4,52,132,18.849462365591396,0.7168458781362007
1972,Dodge,275,4,43,70,21.163636363636364,1.4545454545454546
2004,Pontiac,4,0,0,0,36.25,0.0
1958,Chrysler,3,0,0,0,30.666666666666668,0.0
1979,Ford,90,5,20,30,16.91111111111111,5.555555555555555
1983,Ford,156,4,28,55,17.762820512820515,2.564102564102564
1963,Dodge,126,0,23,51,14.103174603174603,0.0
1970,Dodge,394,17,100,151,16.385786802030456,4.314720812182741
1951,Pontiac,20,0,5,8,20.25,0.0
1961,Mercury,16,0,1,1,22.3125,0.0
1972,American Motors Company,11,0,1,4,22.454545454545453,0.0
2001,Pontiac,193,5,30,62,20.33678756476684,2.5906735751295336
1972,Plymouth,183,8,20,37,20.726775956284154,4.371584699453552
1978,Chrysler,6,0,0,0,25.833333333333332,0.0
1981,Chevrolet,106,1,14,25,19.22641509433962,0.9433962264150944
1988,Chevrolet,263,8,49,91,17.931558935361217,3.041825095057034
2006,Ford,315,6,46,91,20.511111111111113,1.9047619047619049
1954,Plymouth,114,0,2,21,19.482456140350877,0.0
1981,Dodge,38,0,0,8,18.18421052631579,0.0
2008,Dodge,401,4,16,50,25.35411471321696,0.997506234413965
1951,Chrysler,9,1,1,2,15.88888888888889,11.11111111111111
1953,Porsche,2,0,0,2,8.5,0.0
2008,Toyota,353,10,44,72,23.042492917847024,2.8328611898017
2011,Dodge,108,5,18,30,21.34259259259259,4.62962962962963
1994,Ford,688,20,92,166,20.968023255813954,2.9069767441860463
1966,Buick,5,0,0,0,23.0,0.0
1963,Ford,389,23,101,167,14.084832904884319,5.912596401028278
1985,Oldsmobile,52,0,3,10,21.365384615384617,0.0
2004,Chevrolet,638,22,83,159,20.962382445141067,3.4482758620689653
1950,Mercury,55,2,14,24,18.072727272727274,3.6363636363636362
1959,Dodge,9,0,1,2,19.333333333333332,0.0
1952,Cadillac,2,0,0,1,19.5,0.0
1951,Lincoln,23,0,1,7,21.217391304347824,0.0
1962,Dodge,66,0,4,13,19.803030303030305,0.0
1977,Mercury,36,2,17,19,13.88888888888889,5.555555555555555
1991,Pontiac,252,3,15,33,22.515873015873016,1.1904761904761905
1959,Chevrolet,576,16,91,203,15.723958333333334,2.7777777777777777
1950,Chevrolet,3,0,0,0,20.333333333333332,0.0
1966,Mercury,47,2,4,11,18.95744680851064,4.25531914893617
1995,Pontiac,144,2,11,28,22.17361111111111,1.3888888888888888
1980,Mercury,53,3,12,25,16.641509433962263,5.660377358490567
1998,Chevrolet,477,16,50,107,22.153039832285117,3.3542976939203357
2006,Chevrolet,749,23,105,195,21.100133511348464,3.0707610146862483
1984,Chrysler,21,0,0,0,22.714285714285715,0.0
1953,Jaguar,6,0,0,1,18.5,0.0
1982,Chrysler,5,0,0,1,23.0,0.0
1958,Nash Motor Company,1,0,0,0,20.0,0.0
1974,Chevrolet,620,12,83,186,17.967741935483872,1.935483870967742
1949,-,12,0,0,1,16.25,0.0
1995,Chevrolet,425,21,74,132,20.345882352941178,4.941176470588235
1949,Nash Motor Company,2,0,0,0,18.5,0.0
1985,Chrysler,11,0,0,0,27.454545454545453,0.0
1951,Kaiser,46,0,1,6,23.217391304347824,0.0
1969,Plymouth,204,2,23,74,16.30392156862745,0.9803921568627451
1959,-,2,0,0,0,33.5,0.0
1984,Oldsmobile,42,0,0,4,23.38095238095238,0.0
1988,Ford,291,9,41,73,20.31958762886598,3.0927835051546393
2000,Ford,636,14,85,151,22.657232704402517,2.20125786163522
1993,Oldsmobile,5,0,0,0,34.6,0.0
1955,Nash Motor Company,10,0,0,2,22.1,0.0
1956,Buick,37,0,0,5,24.62162162162162,0.0
1961,Dodge,54,0,1,8,19.24074074074074,0.0
1976,Plymouth,6,0,0,2,12.333333333333334,0.0
1985,Buick,93,0,11,24,20.182795698924732,0.0
2022,Ford,548,9,53,116,20.056569343065693,1.6423357664233578
1958,Mercury,73,0,10,20,19.068493150684933,0.0
2004,Dodge,554,4,48,102,23.86101083032491,0.7220216606498195
2015,Chevrolet,782,15,93,201,20.589514066496164,1.9181585677749362
1949,Oldsmobile,45,5,15,27,12.155555555555555,11.11111111111111
1955,Mercury,35,0,5,12,14.228571428571428,0.0
1956,Jaguar,1,0,0,0,19.0,0.0
1953,Studebaker,13,0,0,4,23.307692307692307,0.0
2024,Ford,521,12,50,109,20.591170825335894,2.3032629558541267
1956,Packard Motor Car Company,7,0,0,1,24.857142857142858,0.0
1967,Ford,642,10,79,198,16.802180685358255,1.557632398753894
1992,Ford,421,16,75,142,17.40855106888361,3.800475059382423
1958,Dodge,9,0,0,1,24.77777777777778,0.0
1969,GMC,1,0,0,0,26.0,0.0
1987,Pontiac,175,2,23,49,19.548571428571428,1.1428571428571428
1997,Pontiac,246,2,19,56,21.247967479674795,0.8130081300813009
2001,Dodge,338,4,25,52,24.346153846153847,1.183431952662722
2003,Dodge,493,9,39,98,23.3184584178499,1.8255578093306288
1954,Mercury,44,0,7,20,14.909090909090908,0.0
1963,Pontiac,302,5,50,111,16.079470198675498,1.6556291390728477
1978,Buick,33,0,3,5,24.515151515151516,0.0
1969,Chevrolet,268,0,1,36,21.220149253731343,0.0
1974,Plymouth,33,0,0,6,19.848484848484848,0.0
2001,Ford,593,11,73,146,21.620573355817875,1.854974704890388
1950,Pontiac,7,0,0,1,24.571428571428573,0.0
1965,Plymouth,66,4,20,31,14.727272727272727,6.0606060606060606
1984,Ford,185,4,26,63,17.62162162162162,2.1621621621621623
1993,Chevrolet,375,9,71,121,19.026666666666667,2.4
1964,Ford,533,30,117,200,15.21951219512195,5.628517823639775
1964,Dodge,253,14,69,123,12.387351778656127,5.533596837944664
1968,Pontiac,33,0,4,9,18.545454545454547,0.0
1997,Ford,654,19,90,163,21.37920489296636,2.90519877675841
1950,Ford,109,1,10,28,18.889908256880734,0.9174311926605505
1954,Nash Motor Company,27,0,0,3,25.185185185185187,0.0
1955,Chevrolet,251,2,45,104,15.585657370517929,0.796812749003984
1992,Chevrolet,378,8,41,87,21.034391534391535,2.1164021164021163
1978,Mercury,56,4,12,22,17.982142857142858,7.142857142857142
2012,Ford,432,6,33,69,24.40509259259259,1.3888888888888888
1954,Ford,83,0,1,7,22.759036144578314,0.0
1973,Mercury,196,11,18,49,20.581632653061224,5.612244897959184
1977,Chevrolet,711,21,85,182,19.025316455696203,2.9535864978902953
1995,Ford,686,8,70,150,20.832361516034986,1.1661807580174928
2009,Chevrolet,547,18,91,181,18.95978062157221,3.2906764168190126
1953,Aston Martin,1,0,0,0,27.0,0.0
1981,Buick,471,22,80,151,17.991507430997878,4.670912951167728
1985,Pontiac,166,0,8,49,19.656626506024097,0.0
2002,Chevrolet,477,10,48,101,22.71907756813417,2.0964360587002098
1983,Pontiac,242,5,25,49,19.84710743801653,2.066115702479339
1951,Dodge,4,0,0,0,31.5,0.0
1954,-,5,0,0,0,34.4,0.0
1955,Dodge,70,1,8,22,16.571428571428573,1.4285714285714286
1991,Ford,281,10,56,107,16.71174377224199,3.558718861209965
1950,Studebaker,3,0,0,0,51.0,0.0
1959,Studebaker,2,0,0,0,26.0,0.0
1969,Pontiac,31,0,0,2,24.741935483870968,0.0
1949,Chrysler,4,0,0,3,12.5,0.0
1949,Hudson,13,0,1,3,18.615384615384617,0.0
1950,Buick,13,0,2,3,15.615384615384615,0.0
1987,Buick,94,1,12,28,19.29787234042553,1.0638297872340425
1960,Triumph,1,0,0,0,14.0,0.0
1950,Hudson,13,0,0,0,34.15384615384615,0.0
1970,Plymouth,285,21,59,113,15.336842105263157,7.368421052631578
1973,Plymouth,29,1,2,5,20.17241379310345,3.4482758620689653
2008,Ford,285,11,52,96,19.19298245614035,3.8596491228070176
1968,Oldsmobile,20,0,3,4,18.25,0.0
2022,Toyota,219,8,44,87,16.771689497716896,3.65296803652968
1955,Plymouth,44,0,0,7,17.545454545454547,0.0
1951,Nash Motor Company,36,1,4,9,25.444444444444443,2.7777777777777777
1953,Nash Motor Company,55,0,5,15,18.490909090909092,0.0
1956,Chrysler,85,22,45,54,9.658823529411764,25.882352941176475
1986,Buick,112,3,17,48,17.241071428571427,2.6785714285714284
1989,Oldsmobile,195,1,18,42,20.953846153846154,0.5128205128205128
1952,Mercury,11,0,0,2,17.181818181818183,0.0
1956,Nash Motor Company,3,0,0,0,21.666666666666668,0.0
1971,Chevrolet,233,3,17,40,21.952789699570815,1.2875536480686696
1952,Nash Motor Company,26,0,3,6,21.76923076923077,0.0
1955,Studebaker,17,0,0,2,21.235294117647058,0.0
2012,Toyota,433,10,53,110,22.655889145496534,2.3094688221709005
2012,Dodge,76,5,15,27,16.07894736842105,6.578947368421052
1952,Packard Motor Car Company,13,0,0,5,20.615384615384617,0.0
1979,Dodge,80,0,1,11,20.675,0.0
1982,Pontiac,268,0,31,71,19.134328358208954,0.0
1986,Oldsmobile,114,1,13,27,20.894736842105264,0.8771929824561403
1952,Kaiser,9,0,0,2,25.444444444444443,0.0
1954,Chevrolet,10,0,0,2,19.0,0.0
1952,Studebaker,30,0,0,3,21.433333333333334,0.0
1990,Pontiac,272,3,18,47,22.863970588235293,1.1029411764705883
1965,Pontiac,63,0,3,12,18.841269841269842,0.0
1953,Packard Motor Car Company,6,0,0,1,25.0,0.0
2010,Chevrolet,532,18,95,177,18.88533834586466,3.3834586466165413
2019,Toyota,212,19,64,99,15.339622641509434,8.962264150943396
1956,Hudson,10,0,0,0,24.3,0.0
1969,Mercury,43,4,11,18,16.348837209302324,9.30232558139535
1978,Matador,1,0,0,0,37.0,0.0
2009,Ford,275,3,26,53,20.727272727272727,1.090909090909091
1963,Plymouth,163,18,54,78,13.355828220858896,11.042944785276074
1963,Morris Garage,1,0,0,0,17.0,0.0
1979,Chrysler,3,0,0,0,17.0,0.0
2000,Chevrolet,506,9,47,108,21.970355731225297,1.7786561264822136
1950,-,26,0,0,5,15.615384615384615,0.0
1956,Chevrolet,398,3,47,134,16.464824120603016,0.7537688442211055
1959,Pontiac,61,1,12,21,16.491803278688526,1.639344262295082
1978,Oldsmobile,139,11,34,58,16.179856115107913,7.913669064748201
1952,Dodge,4,0,1,3,8.75,0.0
1953,-,4,0,0,2,15.0,0.0
1962,Mercury,71,0,4,20,17.35211267605634,0.0
2002,Pontiac,178,5,24,37,21.808988764044944,2.8089887640449436
1953,Chrysler,3,0,0,0,12.666666666666666,0.0
1960,Ford,468,15,63,138,18.493589743589745,3.205128205128205
1962,Pontiac,364,22,124,191,12.942307692307692,6.043956043956044
1979,Mercury,58,3,9,23,17.155172413793103,5.172413793103448
2005,Dodge,519,3,34,84,23.29865125240848,0.5780346820809248
1961,Chevrolet,464,11,91,209,14.359913793103448,2.3706896551724137
1949,Ford,59,0,7,18,16.559322033898304,0.0
2004,Ford,352,10,49,99,20.789772727272727,2.840909090909091
1965,Oldsmobile,37,0,4,18,13.783783783783784,0.0
1971,Dodge,336,8,58,111,18.163690476190474,2.380952380952381
1999,Chevrolet,522,12,42,110,22.149425287356323,2.2988505747126435
2005,Chevrolet,711,17,78,155,23.018284106891702,2.390998593530239
2015,Ford,451,7,39,74,24.339246119733925,1.5521064301552108
1961,Pontiac,247,30,92,136,12.82995951417004,12.145748987854251
1984,Buick,116,2,18,29,19.474137931034484,1.7241379310344827
1987,Oldsmobile,156,0,11,35,20.544871794871796,0.0
1993,Ford,628,10,51,134,20.988853503184714,1.5923566878980893
2019,Chevrolet,620,7,45,110,21.901612903225807,1.129032258064516
1966,Dodge,197,18,60,100,14.309644670050762,9.137055837563452
1999,Pontiac,266,9,44,89,20.3796992481203,3.3834586466165413
1950,Packard Motor Car Company,3,0,0,0,20.333333333333332,0.0
1951,Chevrolet,6,0,0,1,20.5,0.0
1956,Pontiac,61,0,5,16,19.688524590163933,0.0
1967,Oldsmobile,38,0,1,7,16.63157894736842,0.0
2010,Toyota,458,12,41,81,25.572052401746724,2.6200873362445414
1956,Ford,420,14,85,162,16.17142857142857,3.3333333333333335
1956,Plymouth,78,0,3,14,19.756410256410255,0.0
2002,Dodge,388,7,22,51,24.3479381443299,1.804123711340206
1964,Mercury,185,5,28,74,15.259459459459459,2.7027027027027026
1998,Pontiac,216,2,15,47,22.180555555555557,0.9259259259259258
1965,Dodge,150,2,26,47,16.433333333333334,1.3333333333333335
1974,Dodge,250,10,31,56,20.512,4.0
1979,Chevrolet,587,18,95,185,17.45655877342419,3.0664395229982966
1985,Dodge,3,0,0,0,21.0,0.0
1953,Kaiser,5,0,0,1,16.2,0.0
1954,Packard Motor Car Company,7,0,0,0,28.428571428571427,0.0
1970,Ford,602,6,65,156,18.308970099667775,0.9966777408637874
1979,Oldsmobile,192,5,29,46,19.942708333333332,2.604166666666667
1991,Buick,110,0,5,13,23.145454545454545,0.0
2021,Ford,529,7,51,121,20.0586011342155,1.3232514177693762
1978,Ford,107,5,18,36,17.05607476635514,4.672897196261682
2013,Ford,505,6,37,86,23.677227722772276,1.188118811881188
1959,Buick,5,0,1,1,29.4,0.0
1962,Chevrolet,339,14,54,131,14.672566371681416,4.129793510324483
1972,Ford,339,0,22,78,20.70501474926254,0.0
1987,Chevrolet,410,15,54,102,20.58048780487805,3.6585365853658534
2013,Chevrolet,629,16,89,177,19.845786963434023,2.5437201907790143
2014,Chevrolet,800,20,94,193,20.89625,2.5
1957,Dodge,44,0,1,8,17.818181818181817,0.0
1968,Plymouth,181,16,47,78,15.209944751381215,8.83977900552486
1983,Dodge,15,0,0,2,18.533333333333335,0.0
1951,-,129,0,0,19,21.674418604651162,0.0
2025,Toyota,331,14,67,112,17.425981873111784,4.229607250755287
1951,Ford,207,0,26,73,17.78743961352657,0.0
1956,Oldsmobile,70,1,7,22,17.97142857142857,1.4285714285714286
1971,Buick,1,0,0,0,20.0,0.0
1961,Ford,440,7,38,102,19.131818181818183,1.5909090909090908
1951,Studebaker,68,3,14,19,20.897058823529413,4.411764705882353
1953,Dodge,99,6,34,46,13.767676767676768,6.0606060606060606
1955,Ford,96,2,10,24,19.041666666666668,2.083333333333333
1988,Oldsmobile,232,2,19,54,20.79310344827586,0.8620689655172413
2017,Toyota,311,16,64,116,18.909967845659164,5.144694533762058
2024,Toyota,300,9,59,105,17.816666666666666,3.0
1955,-,3,0,1,1,10.333333333333334,0.0
1952,Plymouth,185,3,29,80,14.562162162162162,1.6216216216216217
2007,Toyota,163,0,2,11,29.006134969325153,0.0
1956,Mercury,155,5,34,65,14.541935483870967,3.225806451612903
1976,Dodge,175,6,30,46,18.13714285714286,3.428571428571429
1950,Dodge,2,0,0,0,20.0,0.0
1951,Hudson,136,12,31,44,17.78676470588235,8.823529411764707
2013,Toyota,414,14,54,97,23.22705314009662,3.3816425120772946
1949,Chevrolet,4,0,3,4,5.5,0.0
1953,Hudson,270,22,85,135,14.2,8.148148148148149
1973,Chevrolet,374,7,71,128,19.040106951871657,1.8716577540106951
1955,Hudson,122,1,14,37,15.827868852459016,0.819672131147541
1968,Chevrolet,205,1,15,32,20.721951219512196,0.4878048780487805
1978,Dodge,132,0,12,30,18.416666666666668,0.0
1982,Chevrolet,87,3,18,32,14.505747126436782,3.4482758620689653
2016,Ford,399,8,45,75,21.646616541353385,2.0050125313283207
1968,Mercury,67,7,23,32,14.477611940298507,10.44776119402985
1988,Pontiac,181,8,24,41,21.635359116022098,4.41988950276243
1959,Chrysler,2,0,0,0,24.5,0.0
2002,Ford,505,14,86,171,19.584158415841586,2.7722772277227725
1968,Ford,695,20,80,210,16.792805755395683,2.877697841726619
2014,Toyota,336,2,37,79,24.151785714285715,0.5952380952380952
1949,Buick,18,0,2,4,19.944444444444443,0.0
1956,Dodge,181,11,53,86,14.839779005524862,6.077348066298343
1981,Chrysler,2,0,0,0,33.0,0.0
1956,Studebaker,10,0,0,0,22.6,0.0
1994,Chevrolet,422,11,57,121,20.843601895734597,2.6066350710900474
1960,Mercury,16,0,0,3,14.9375,0.0
1969,Ford,748,26,139,252,15.832887700534759,3.4759358288770055
1991,Chevrolet,272,11,52,103,18.06985294117647,4.044117647058823
1957,Mercury,119,0,16,44,15.378151260504202,0.0
1977,Dodge,160,7,25,40,18.15625,4.375
2020,Toyota,252,9,57,84,18.857142857142858,3.571428571428571
1951,Austin-Healey,1,0,0,0,30.0,0.0
1962,Studebaker,3,0,0,0,18.0,0.0
1994,Pontiac,148,0,6,23,20.486486486486488,0.0
1967,Plymouth,227,31,78,103,13.960352422907489,13.656387665198238
1996,Pontiac,158,1,5,28,21.626582278481013,0.6329113924050633
2000,Pontiac,319,11,38,81,20.761755485893417,3.4482758620689653
2014,Ford,411,14,49,88,22.338199513381994,3.40632603406326
1949,Mercury,13,0,3,6,11.23076923076923,0.0
1958,Ford,522,16,88,189,15.852490421455938,3.065134099616858
1961,Oldsmobile,14,0,1,2,20.857142857142858,0.0
1963,Chrysler,64,0,7,17,15.84375,0.0
1965,Ford,897,48,195,360,14.636566332218505,5.351170568561873
1989,Pontiac,351,6,22,68,22.125356125356124,1.7094017094017095
2010,Dodge,125,2,9,20,23.0,1.6
1952,Chevrolet,6,0,0,2,15.0,0.0
1953,Lincoln,21,0,3,6,20.476190476190474,0.0
1981,Oldsmobile,100,0,10,22,20.61,0.0
2025,Ford,453,7,46,104,20.766004415011036,1.545253863134658
1987,Ford,271,11,45,76,18.66789667896679,4.059040590405904
1966,Plymouth,194,16,65,90,14.623711340206185,8.24742268041237
1977,Ford,120,0,18,44,17.583333333333332,0.0
1952,Hudson,289,27,84,119,15.46712802768166,9.342560553633218
1953,Plymouth,115,0,11,43,15.652173913043478,0.0
1954,Oldsmobile,319,11,65,113,16.598746081504704,3.4482758620689653
1980,Chevrolet,693,22,108,207,18.07070707070707,3.1746031746031744
1998,Ford,726,15,100,176,21.84573002754821,2.066115702479339
1958,Pontiac,70,3,13,27,17.742857142857144,4.285714285714286
1980,Buick,54,0,3,6,23.296296296296298,0.0
1976,Ford,118,1,19,38,19.194915254237287,0.847457627118644
1951,Plymouth,265,2,44,102,15.60377358490566,0.7547169811320755
1966,Pontiac,21,0,0,4,19.761904761904763,0.0
2019,Ford,548,10,71,151,18.874087591240876,1.824817518248175
1953,Mercury,13,0,0,3,17.846153846153847,0.0
1962,Ford,312,6,27,76,18.15705128205128,1.9230769230769231
1990,Buick,105,1,6,15,21.285714285714285,0.9523809523809524
1965,Mercury,38,1,10,16,16.657894736842106,2.631578947368421
1967,Pontiac,17,0,0,2,25.88235294117647,0.0
1986,Pontiac,226,2,9,35,21.376106194690266,0.8849557522123894
1951,Packard Motor Car Company,9,0,2,4,20.77777777777778,0.0
1952,Lincoln,9,0,0,4,20.22222222222222,0.0
1982,Dodge,28,0,0,7,13.785714285714286,0.0
1986,Chevrolet,388,18,80,119,19.38144329896907,4.639175257731959
1963,Mercury,129,1,15,51,15.666666666666666,0.7751937984496124
1960,Pontiac,75,7,21,27,18.613333333333333,9.333333333333334
1960,Oldsmobile,29,0,0,1,27.96551724137931,0.0
1996,Chevrolet,387,17,74,113,20.302325581395348,4.3927648578811365
2011,Toyota,423,6,39,78,24.479905437352247,1.4184397163120568
1968,Buick,33,0,0,9,18.242424242424242,0.0
1976,Mercury,51,10,31,37,9.529411764705882,19.607843137254903
1980,Oldsmobile,178,3,20,36,21.707865168539325,1.6853932584269662
2025,Chevrolet,585,15,67,144,19.77948717948718,2.564102564102564
1953,Volkswagon,1,0,0,0,19.0,0.0
1965,Chevrolet,244,0,17,66,18.10655737704918,0.0
1990,Ford,262,11,57,104,16.625954198473284,4.198473282442748
1950,Oldsmobile,150,10,33,53,17.96,6.666666666666667
1953,Buick,1,0,0,0,17.0,0.0
1957,Oldsmobile,78,4,21,44,11.705128205128204,5.128205128205128
1989,Buick,132,1,14,33,20.007575757575758,0.7575757575757576
1992,Pontiac,172,3,15,31,22.66860465116279,1.744186046511628
1992,Buick,7,0,0,0,27.142857142857142,0.0
1954,Cadillac,6,0,0,1,25.833333333333332,0.0
1952,Oldsmobile,177,3,38,64,17.570621468926554,1.694915254237288
1983,Chrysler,29,0,0,0,21.96551724137931,0.0
1976,Matador,1,0,0,0,15.0,0.0
1962,Austin-Healey,1,0,0,0,17.0,0.0
1961,Sprite,1,0,0,0,23.0,0.0
1972,Oldsmobile,3,0,0,0,26.0,0.0
1961,Austin-Healey,1,0,0,0,15.0,0.0
1972,Pontiac,5,0,1,1,22.6,0.0
1974,-,11,1,4,5,14.272727272727273,9.090909090909092
1962,Oldsmobile,1,0,0,0,39.0,0.0
1967,Buick,2,0,0,0,27.5,0.0
1961,-,1,0,0,0,18.0,0.0
1973,Pontiac,3,0,0,0,21.666666666666668,0.0
1961,Studebaker,2,0,0,0,33.5,0.0
1962,Alfa,1,0,0,0,22.0,0.0
1974,Pontiac,3,0,0,0,38.333333333333336,0.0
1958,Buick,1,0,0,1,9.0,0.0
1974,American Motors Company,1,0,1,1,4.0,0.0
1962,Morris Garage,4,0,0,0,19.5,0.0
1964,Oldsmobile,2,0,0,0,28.0,0.0
1962,Sprite,3,0,0,0,20.666666666666668,0.0
1961,Morris Garage,1,0,0,0,13.0,0.0
1980,Chrysler,1,0,0,0,34.0,0.0
1949,Studebaker,1,0,0,0,21.0,0.0
1954,Jaguar,13,1,3,4,23.384615384615383,7.6923076923076925
1954,Porsche,1,0,0,0,16.0,0.0
1954,Morris Garage,5,0,0,0,26.6,0.0
1963,Oldsmobile,2,0,0,0,20.5,0.0
1961,Edsel,1,0,0,0,19.0,0.0
1961,Nash Motor Company,1,0,0,0,38.0,0.0
1957,Lincoln,2,0,0,0,16.5,0.0
2026,,1,0,0,0,,0.0
